Workbook

Sheet Sobre
A1: 🧭 Planilha Piloto · App de Gestão de Tempo
A2: Matriz Frente × Bússola do Tempo
A4: Como usar
A5: 1. Vá pra aba 'Frentes' e ajuste seu orçamento de horas por frente.
A6: 2. Vá pra aba 'Blocos' e edite/adicione os blocos da sua semana.
A7: 3. Na coluna 'Planejado', classifique como Importante/Urgente/Disperso antes da semana.
A8: 4. Na coluna 'Realizado', ajuste depois (durante ou no fim da semana) conforme o que aconteceu de verdade.
A9: 5. Veja a aba 'Espelho' — matriz calculada automaticamente.
A10: 6. Veja a aba 'Insights' — padrões detectados automaticamente.
A12: Importante / Urgente / Disperso — a Bússola do Tempo
A13: 🎯 Importante: estratégico, alinhado com objetivos, gera resultado real.
A14: 🔥 Urgente: tem prazo apertado, exige ação imediata — pode não ser importante.
... A23: Versão V1 · Gerada 25/05/2026 · Caso Lucas Silveira pré-preenchido

Sheet Frentes
A1: Nome | B1: Ícone | C1: Orçamento (h/sem) | D1: Realizado (h) | E1: Variação | F1: Status
A2: Doctum | B2: 🏢 | C2: 36 | D2: =SUMIF(Blocos!E:E,A2,Blocos!D:D) | E2: =D2-C2 | F2: =IF(ABS(E2)<1,"✓ no plano",IF(E2>0,"⬆ estourou","⬇ abaixo"))
A3: Tribo | B3: 🛒 | C3: 18 | D3: =SUMIF(Blocos!E:E,A3,Blocos!D:D) | E3: =D3-C3 | F3: =IF(ABS(E3)<1,"✓ no plano",IF(E3>0,"⬆ estourou","⬇ abaixo"))
A4: Dra. Bruna | B4: 🎓 | C4: 2.5 | D4: =SUMIF(Blocos!E:E,A4,Blocos!D:D) | E4: =D4-C4 | F4: =IF(ABS(E4)<1,"✓ no plano",IF(E4>0,"⬆ estourou","⬇ abaixo"))
A5: CuidaJA | B5: 🤝 | C5: 2.5 | D5: =SUMIF(Blocos!E:E,A5,Blocos!D:D) | E5: =D5-C5 | F5: =IF(ABS(E5)<1,"✓ no plano",IF(E5>0,"⬆ estourou","⬇ abaixo"))
A8: 💡 Pra adicionar frente: digite o nome em A8, ícone em B, orçamento em C. As fórmulas se replicam.

Sheet Blocos
A1: Dia | B1: Início | C1: Fim | D1: Duração (h) | E1: Frente | F1: Tarefa / entrega | G1: Planejado | H1: Realizado
A2: SEG | B2: 08:00 | C2: 12:00 | D2: =IFERROR((TIMEVALUE(C2)-TIMEVALUE(B2))*24,"") | E2: Doctum | F2: Revisar pipeline + alinhar marketing | G2: Importante | H2: Importante
A3: SEG | B3: 13:30 | C3: 18:00 | D3: =IFERROR((TIMEVALUE(C3)-TIMEVALUE(B3))*24,"") | E3: Doctum | F3: 1:1 vendedor X + ajustes | G3: Urgente | H3: Urgente
A4: SEG | B4: 18:30 | C4: 21:30 | D4: =IFERROR((TIMEVALUE(C4)-TIMEVALUE(B4))*24,"") | E4: Tribo | F4: 🎤 Mentoria ao vivo - aula 04 | G4: Importante | H4: Importante
A5: TER | B5: 08:00 | C5: 12:00 | D5: =IFERROR((TIMEVALUE(C5)-TIMEVALUE(B5))*24,"") | E5: Doctum | F5: Reunião comitê + revisar metas | G5: Importante | H5: Urgente
A6: TER | B6: 13:30 | C6: 14:00 | D6: =IFERROR((TIMEVALUE(C6)-TIMEVALUE(B6))*24,"") | E6: Dra. Bruna | F6: Status semanal Dra. Bruna | G6: Disperso | H6: Disperso
A7: TER | B7: 14:00 | C7: 14:30 | D7: =IFERROR((TIMEVALUE(C7)-TIMEVALUE(B7))*24,"") | E7: CuidaJA | F7: Status CuidaJA | G7: Disperso | H7: Disperso
A8: TER | B8: 14:30 | C8: 17:00 | D8: =IFERROR((TIMEVALUE(C8)-TIMEVALUE(B8))*24,"") | E8: Tribo | F8: Gravar aula 05 mentoria | G8: Importante | H8: Importante
A9: TER | B9: 17:00 | C9: 19:00 | D9: =IFERROR((TIMEVALUE(C9)-TIMEVALUE(B9))*24,"") | E9: Doctum | F9: Email + alinhamentos | G9: Disperso | H9: Disperso
A10: QUA | B10: 08:00 | C10: 12:00 | D10: =IFERROR((TIMEVALUE(C10)-TIMEVALUE(B10))*24,"") | E10: Doctum | F10: Reuniões com clientes + forecast | G10: Importante | H10: Urgente
A11: QUA | B11: 13:30 | C11: 14:00 | D11: =IFERROR((TIMEVALUE(C11)-TIMEVALUE(B11))*24,"") | E11: Dra. Bruna | F11: Revisar material aula Dra. Bruna | G11: Importante | H11: Importante
A12: QUA | B12: 14:00 | C12: 14:30 | D12: =IFERROR((TIMEVALUE(C12)-TIMEVALUE(B12))*24,"") | E12: CuidaJA | F12: CuidaJA - mensagens / alinhamento | G12: Disperso | H12: Disperso
A13: QUA | B13: 14:30 | C13: 17:00 | D13: =IFERROR((TIMEVALUE(C13)-TIMEVALUE(B13))*24,"") | E13: Tribo | F13: TriboCRM - revisar funcionalidades | G13: Importante | H13: Importante
... A25: SÁB | B25: 14:00 | C25: 16:00 | D25: =IFERROR((TIMEVALUE(C25)-TIMEVALUE(B25))*24,"") | E25: Tribo | F25: Tribo - conteúdo / produto | G25: Importante | H25: Importante

Sheet Espelho
A1: 📊 O Espelho — Matriz Frente × Categoria (Realizado)
B3: 🏢 Doctum | C3: 🛒 Tribo | D3: 🎓 Dra. Bruna | E3: 🤝 CuidaJA | F3: Total
A4: 🎯 Importante | B4: =SUMIFS(Blocos!D:D,Blocos!E:E,"Doctum",Blocos!H:H,"Importante") | C4: =SUMIFS(Blocos!D:D,Blocos!E:E,"Tribo",Blocos!H:H,"Importante") | D4: =SUMIFS(Blocos!D:D,Blocos!E:E,"Dra. Bruna",Blocos!H:H,"Importante") | E4: =SUMIFS(Blocos!D:D,Blocos!E:E,"CuidaJA",Blocos!H:H,"Importante") | F4: =SUM(B4:E4)
A5: 🔥 Urgente | B5: =SUMIFS(Blocos!D:D,Blocos!E:E,"Doctum",Blocos!H:H,"Urgente") | C5: =SUMIFS(Blocos!D:D,Blocos!E:E,"Tribo",Blocos!H:H,"Urgente") | D5: =SUMIFS(Blocos!D:D,Blocos!E:E,"Dra. Bruna",Blocos!H:H,"Urgente") | E5: =SUMIFS(Blocos!D:D,Blocos!E:E,"CuidaJA",Blocos!H:H,"Urgente") | F5: =SUM(B5:E5)
A6: 💨 Disperso | B6: =SUMIFS(Blocos!D:D,Blocos!E:E,"Doctum",Blocos!H:H,"Disperso") | C6: =SUMIFS(Blocos!D:D,Blocos!E:E,"Tribo",Blocos!H:H,"Disperso") | D6: =SUMIFS(Blocos!D:D,Blocos!E:E,"Dra. Bruna",Blocos!H:H,"Disperso") | E6: =SUMIFS(Blocos!D:D,Blocos!E:E,"CuidaJA",Blocos!H:H,"Disperso") | F6: =SUM(B6:E6)
A7: Total | B7: =SUM(B4:B6) | C7: =SUM(C4:C6) | D7: =SUM(D4:D6) | E7: =SUM(E4:E6) | F7: =SUM(B7:E7)
A9: Planejado vs Realizado (% da semana)
A10: Categoria | B10: Planejado % | C10: Realizado % | D10: Variação | E10: Avaliação
A11: 🎯 Importante | B11: =IFERROR(SUMIF(Blocos!G:G,"Importante",Blocos!D:D)/SUM(Blocos!D:D),0) | C11: =IFERROR(SUMIF(Blocos!H:H,"Importante",Blocos!D:D)/SUM(Blocos!D:D),0) | D11: =C11-B11 | E11: =IF(D11>=0.05,"⬆ Bom sinal",IF(D11<=-0.05,"⬇ Atenção","✓ No plano"))
A12: 🔥 Urgente | B12: =IFERROR(SUMIF(Blocos!G:G,"Urgente",Blocos!D:D)/SUM(Blocos!D:D),0) | C12: =IFERROR(SUMIF(Blocos!H:H,"Urgente",Blocos!D:D)/SUM(Blocos!D:D),0) | D12: =C12-B12 | E12: =IF(D12<=-0.05,"⬇ Bom sinal",IF(D12>=0.05,"⬆ Atenção","✓ No plano"))
A13: 💨 Disperso | B13: =IFERROR(SUMIF(Blocos!G:G,"Disperso",Blocos!D:D)/SUM(Blocos!D:D),0) | C13: =IFERROR(SUMIF(Blocos!H:H,"Disperso",Blocos!D:D)/SUM(Blocos!D:D),0) | D13: =C13-B13 | E13: =IF(D13<=-0.05,"⬇ Bom sinal",IF(D13>=0.05,"⬆ Atenção","✓ No plano"))
A15: Orçamento de horas por frente
A16: Frente | B16: Orçamento | C16: Realizado | D16: Variação | E16: Status
A17: 🏢 Doctum | B17: =VLOOKUP(SUBSTITUTE(SUBSTITUTE(A17,"🏢 ",""),"",""),Frentes!A:C,3,FALSE) | C17: =SUMIF(Blocos!E:E,"Doctum",Blocos!D:D) | D17: =C17-B17 | E17: =IF(ABS(D17)<1,"✓ no plano",IF(D17>0,"⬆ estourou","⬇ abaixo"))
A18: 🛒 Tribo | B18: =VLOOKUP(SUBSTITUTE(SUBSTITUTE(A18,"🛒 ",""),"",""),Frentes!A:C,3,FALSE) | C18: =SUMIF(Blocos!E:E,"Tribo",Blocos!D:D) | D18: =C18-B18 | E18: =IF(ABS(D18)<1,"✓ no plano",IF(D18>0,"⬆ estourou","⬇ abaixo"))
A19: 🎓 Dra. Bruna | B19: =VLOOKUP(SUBSTITUTE(SUBSTITUTE(A19,"🎓 ",""),"",""),Frentes!A:C,3,FALSE) | C19: =SUMIF(Blocos!E:E,"Dra. Bruna",Blocos!D:D) | D19: =C19-B19 | E19: =IF(ABS(D19)<1,"✓ no plano",IF(D19>0,"⬆ estourou","⬇ abaixo"))
A20: 🤝 CuidaJA | B20: =VLOOKUP(SUBSTITUTE(SUBSTITUTE(A20,"🤝 ",""),"",""),Frentes!A:C,3,FALSE) | C20: =SUMIF(Blocos!E:E,"CuidaJA",Blocos!D:D) | D20: =C20-B20 | E20: =IF(ABS(D20)<1,"✓ no plano",IF(D20>0,"⬆ estourou","⬇ abaixo"))

Sheet Insights
A1: 💬 Insights do Coach
A2: Padrões detectados automaticamente · Recalcula ao mudar Blocos
A4: Sinal | B4: Insight
A5: =IF((SUMIF(Blocos!H:H,"Importante",Blocos!D:D)/SUM(Blocos!D:D))>=0.5,"✅ Viveu em Importante","") | B5: =IF((SUMIF(Blocos!H:H,"Importante",Blocos!D:D)/SUM(Blocos!D:D))>=0.5,TEXT((SUMIF(Blocos!H:H,"Importante",Blocos!D:D)/SUM(Blocos!D:D)),"0%")&" da semana foi Importante. Esse é o sinal de uma semana onde estratégia venceu reatividade. Mantenha o ritmo.","")
A6: =IF((SUMIF(Blocos!H:H,"Importante",Blocos!D:D)/SUM(Blocos!D:D))<0.3,"⚠️ Pouco Importante","") | B6: =IF((SUMIF(Blocos!H:H,"Importante",Blocos!D:D)/SUM(Blocos!D:D))<0.3,"Apenas "&TEXT((SUMIF(Blocos!H:H,"Importante",Blocos!D:D)/SUM(Blocos!D:D)),"0%")&" da semana foi Importante. Sua estratégia está perdendo pra urgência alheia. Vale revisar o que está protegendo deep work.","")
A7: =IF((SUMIF(Blocos!H:H,"Urgente",Blocos!D:D)/SUM(Blocos!D:D))>=0.5,"🔥 Bombeiro","") | B7: =IF((SUMIF(Blocos!H:H,"Urgente",Blocos!D:D)/SUM(Blocos!D:D))>=0.5,TEXT((SUMIF(Blocos!H:H,"Urgente",Blocos!D:D)/SUM(Blocos!D:D)),"0%")&" Urgente. Você está reagindo, não decidindo. Olhe quais frentes mais consumiram Urgente — provavelmente dá pra delegar ou redesenhar pipeline.","")
A8: =IF((SUMIF(Blocos!H:H,"Disperso",Blocos!D:D)/SUM(Blocos!D:D))>=0.2,"💨 Atenção","") | B8: =IF((SUMIF(Blocos!H:H,"Disperso",Blocos!D:D)/SUM(Blocos!D:D))>=0.2,TEXT((SUMIF(Blocos!H:H,"Disperso",Blocos!D:D)/SUM(Blocos!D:D)),"0%")&" Disperso = "&TEXT(SUMIF(Blocos!H:H,"Disperso",Blocos!D:D),"0.0")&"h de coisa que pareceu trabalho mas não gerou resultado. Vale cortar reuniões/mensagens sem propósito.","")
A9: =IF((SUMIF(Blocos!H:H,"Disperso",Blocos!D:D)/SUM(Blocos!D:D))<0.1,"🎯 Foco","") | B9: =IF((SUMIF(Blocos!H:H,"Disperso",Blocos!D:D)/SUM(Blocos!D:D))<0.1,"Apenas "&TEXT((SUMIF(Blocos!H:H,"Disperso",Blocos!D:D)/SUM(Blocos!D:D)),"0%")&" Disperso — você tá protegendo bem o tempo de coisa que não rende.","")
A10: Por frente
A11: =IF(SUMIF(Blocos!E:E,"Doctum",Blocos!D:D)=0,"",IF((SUMIFS(Blocos!D:D,Blocos!E:E,"Doctum",Blocos!H:H,"Urgente")/SUMIF(Blocos!E:E,"Doctum",Blocos!D:D))>=0.6,"⚠️ Bombeiro",IF((SUMIFS(Blocos!D:D,Blocos!E:E,"Doctum",Blocos!H:H,"Importante")/SUMIF(Blocos!E:E,"Doctum",Blocos!D:D))>=0.7,"🎯 Protegida",""))) | B11: =IF(SUMIF(Blocos!E:E,"Doctum",Blocos!D:D)=0,"Sem horas em 🏢 Doctum esta semana.",IF((SUMIFS(Blocos!D:D,Blocos!E:E,"Doctum",Blocos!H:H,"Urgente")/SUMIF(Blocos!E:E,"Doctum",Blocos!D:D))>=0.6,"🏢 Doctum: "&TEXT(SUMIFS(Blocos!D:D,Blocos!E:E,"Doctum",Blocos!H:H,"Urgente")/SUMIF(Blocos!E:E,"Doctum",Blocos!D:D),"0%")&" Urgente. Vale pensar em delegar, redesenhar pipeline de demanda ou aceitar conscientemente que essa é sua frente reativa.",IF((SUMIFS(Blocos!D:D,Blocos!E:E,"Doctum",Blocos!H:H,"Importante")/SUMIF(Blocos!E:E,"Doctum",Blocos!D:D))>=0.7,"🏢 Doctum: "&TEXT(SUMIFS(Blocos!D:D,Blocos!E:E,"Doctum",Blocos!H:H,"Importante")/SUMIF(Blocos!E:E,"Doctum",Blocos!D:D),"0%")&" Importante. Você está investindo bem nessa frente — onde provavelmente está seu maior ROI estratégico.","🏢 Doctum: equilibrada ("&TEXT(SUMIFS(Blocos!D:D,Blocos!E:E,"Doctum",Blocos!H:H,"Importante")/SUMIF(Blocos!E:E,"Doctum",Blocos!D:D),"0%")&" Imp / "&TEXT(SUMIFS(Blocos!D:D,Blocos!E:E,"Doctum",Blocos!H:H,"Urgente")/SUMIF(Blocos!E:E,"Doctum",Blocos!D:D),"0%")&" Urg).")))
A12: =IF(SUMIF(Blocos!E:E,"Tribo",Blocos!D:D)=0,"",IF((SUMIFS(Blocos!D:D,Blocos!E:E,"Tribo",Blocos!H:H,"Urgente")/SUMIF(Blocos!E:E,"Tribo",Blocos!D:D))>=0.6,"⚠️ Bombeiro",IF((SUMIFS(Blocos!D:D,Blocos!E:E,"Tribo",Blocos!H:H,"Importante")/SUMIF(Blocos!E:E,"Tribo",Blocos!D:D))>=0.7,"🎯 Protegida",""))) | B12: =IF(SUMIF(Blocos!E:E,"Tribo",Blocos!D:D)=0,"Sem horas em 🛒 Tribo esta semana.",IF((SUMIFS(Blocos!D:D,Blocos!E:E,"Tribo",Blocos!H:H,"Urgente")/SUMIF(Blocos!E:E,"Tribo",Blocos!D:D))>=0.6,"🛒 Tribo: "&TEXT(SUMIFS(Blocos!D:D,Blocos!E:E,"Tribo",Blocos!H:H,"Urgente")/SUMIF(Blocos!E:E,"Tribo",Blocos!D:D),"0%")&" Urgente. Vale pensar em delegar, redesenhar pipeline de demanda ou aceitar conscientemente que essa é sua frente reativa.",IF((SUMIFS(Blocos!D:D,Blocos!E:E,"Tribo",Blocos!H:H,"Importante")/SUMIF(Blocos!E:E,"Tribo",Blocos!D:D))>=0.7,"🛒 Tribo: "&TEXT(SUMIFS(Blocos!D:D,Blocos!E:E,"Tribo",Blocos!H:H,"Importante")/SUMIF(Blocos!E:E,"Tribo",Blocos!D:D),"0%")&" Importante. Você está investindo bem nessa frente — onde provavelmente está seu maior ROI estratégico.","🛒 Tribo: equilibrada ("&TEXT(SUMIFS(Blocos!D:D,Blocos!E:E,"Tribo",Blocos!H:H,"Importante")/SUMIF(Blocos!E:E,"Tribo",Blocos!D:D),"0%")&" Imp / "&TEXT(SUMIFS(Blocos!D:D,Blocos!E:E,"Tribo",Blocos!H:H,"Urgente")/SUMIF(Blocos!E:E,"Tribo",Blocos!D:D),"0%")&" Urg).")))
A13: =IF(SUMIF(Blocos!E:E,"Dra. Bruna",Blocos!D:D)=0,"",IF((SUMIFS(Blocos!D:D,Blocos!E:E,"Dra. Bruna",Blocos!H:H,"Urgente")/SUMIF(Blocos!E:E,"Dra. Bruna",Blocos!D:D))>=0.6,"⚠️ Bombeiro",IF((SUMIFS(Blocos!D:D,Blocos!E:E,"Dra. Bruna",Blocos!H:H,"Importante")/SUMIF(Blocos!E:E,"Dra. Bruna",Blocos!D:D))>=0.7,"🎯 Protegida",""))) | B13: =IF(SUMIF(Blocos!E:E,"Dra. Bruna",Blocos!D:D)=0,"Sem horas em 🎓 Dra. Bruna esta semana.",IF((SUMIFS(Blocos!D:D,Blocos!E:E,"Dra. Bruna",Blocos!H:H,"Urgente")/SUMIF(Blocos!E:E,"Dra. Bruna",Blocos!D:D))>=0.6,"🎓 Dra. Bruna: "&TEXT(SUMIFS(Blocos!D:D,Blocos!E:E,"Dra. Bruna",Blocos!H:H,"Urgente")/SUMIF(Blocos!E:E,"Dra. Bruna",Blocos!D:D),"0%")&" Urgente. Vale pensar em delegar, redesenhar pipeline de demanda ou aceitar conscientemente que essa é sua frente reativa.",IF((SUMIFS(Blocos!D:D,Blocos!E:E,"Dra. Bruna",Blocos!H:H,"Importante")/SUMIF(Blocos!E:E,"Dra. Bruna",Blocos!D:D))>=0.7,"🎓 Dra. Bruna: "&TEXT(SUMIFS(Blocos!D:D,Blocos!E:E,"Dra. Bruna",Blocos!H:H,"Importante")/SUMIF(Blocos!E:E,"Dra. Bruna",Blocos!D:D),"0%")&" Importante. Você está investindo bem nessa frente — onde provavelmente está seu maior ROI estratégico.","🎓 Dra. Bruna: equilibrada ("&TEXT(SUMIFS(Blocos!D:D,Blocos!E:E,"Dra. Bruna",Blocos!H:H,"Importante")/SUMIF(Blocos!E:E,"Dra. Bruna",Blocos!D:D),"0%")&" Imp / "&TEXT(SUMIFS(Blocos!D:D,Blocos!E:E,"Dra. Bruna",Blocos!H:H,"Urgente")/SUMIF(Blocos!E:E,"Dra. Bruna",Blocos!D:D),"0%")&" Urg).")))
A14: =IF(SUMIF(Blocos!E:E,"CuidaJA",Blocos!D:D)=0,"",IF((SUMIFS(Blocos!D:D,Blocos!E:E,"CuidaJA",Blocos!H:H,"Urgente")/SUMIF(Blocos!E:E,"CuidaJA",Blocos!D:D))>=0.6,"⚠️ Bombeiro",IF((SUMIFS(Blocos!D:D,Blocos!E:E,"CuidaJA",Blocos!H:H,"Importante")/SUMIF(Blocos!E:E,"CuidaJA",Blocos!D:D))>=0.7,"🎯 Protegida",""))) | B14: =IF(SUMIF(Blocos!E:E,"CuidaJA",Blocos!D:D)=0,"Sem horas em 🤝 CuidaJA esta semana.",IF((SUMIFS(Blocos!D:D,Blocos!E:E,"CuidaJA",Blocos!H:H,"Urgente")/SUMIF(Blocos!E:E,"CuidaJA",Blocos!D:D))>=0.6,"🤝 CuidaJA: "&TEXT(SUMIFS(Blocos!D:D,Blocos!E:E,"CuidaJA",Blocos!H:H,"Urgente")/SUMIF(Blocos!E:E,"CuidaJA",Blocos!D:D),"0%")&" Urgente. Vale pensar em delegar, redesenhar pipeline de demanda ou aceitar conscientemente que essa é sua frente reativa.",IF((SUMIFS(Blocos!D:D,Blocos!E:E,"CuidaJA",Blocos!H:H,"Importante")/SUMIF(Blocos!E:E,"CuidaJA",Blocos!D:D))>=0.7,"🤝 CuidaJA: "&TEXT(SUMIFS(Blocos!D:D,Blocos!E:E,"CuidaJA",Blocos!H:H,"Importante")/SUMIF(Blocos!E:E,"CuidaJA",Blocos!D:D),"0%")&" Importante. Você está investindo bem nessa frente — onde provavelmente está seu maior ROI estratégico.","🤝 CuidaJA: equilibrada ("&TEXT(SUMIFS(Blocos!D:D,Blocos!E:E,"CuidaJA",Blocos!H:H,"Importante")/SUMIF(Blocos!E:E,"CuidaJA",Blocos!D:D),"0%")&" Imp / "&TEXT(SUMIFS(Blocos!D:D,Blocos!E:E,"CuidaJA",Blocos!H:H,"Urgente")/SUMIF(Blocos!E:E,"CuidaJA",Blocos!D:D),"0%")&" Urg).")))
A16: 💡 Coach gentil V1
A17: Os insights são gerados por fórmulas IF baseadas em regras simples. Mude qualquer coisa na aba Blocos e os textos atualizam automaticamente.
